Наименование;Ссылка
Разработка;https://appvel.ru/rss-feed-466492086341.xml
Разработка;https://appvel.ru/rss-feed-466492086341.xml
Разработка;https://appvel.ru/rss-feed-466492086341.xml
Разработка;https://appvel.ru/rss-feed-466492086341.xml
Разработка;https://appvel.ru/rss-feed-466492086341.xml
Разработка;https://appvel.ru/rss-feed-466492086341.xml
Разработка;https://appvel.ru/rss-feed-466492086341.xml
Разработка;https://appvel.ru/rss-feed-466492086341.xml
Разработка;https://appvel.ru/rss-feed-466492086341.xml
Администрирование;https://appvel.ru/rss-feed-824950813581.xml
Администрирование;https://appvel.ru/rss-feed-824950813581.xml
Администрирование;https://appvel.ru/rss-feed-824950813581.xml
Администрирование;https://appvel.ru/rss-feed-824950813581.xml
